%time,Roll,Pitch,Yaw,Airspeed,VelocityX,VelocityY,VelocityZ,Anomaly
1531946412603167351,42.30096054,3.062958241,-141.265686,20.18336487,-16.31027222,-14.67173767,-0.625842273,0
1531946412614876619,42.30096054,3.062958241,-141.265686,20.02687263,-16.18459702,-14.77465343,-0.6245085,0
1531946412648878160,42.30096054,3.062958241,-141.265686,20.02687263,-15.93707752,-14.97302246,-0.587557554,0
1531946412704792882,42.30096054,3.062958241,-141.265686,19.83644676,-15.56342411,-15.23521519,-0.489813149,0
1531946412762269786,42.30096054,3.062958241,-141.265686,19.83644676,-15.30381584,-15.41399479,-0.422926635,0
1531946412804851782,42.30096054,3.062958241,-141.265686,19.64151955,-15.01576328,-15.5983696,-0.381009966,0
1531946412882984118,47.2051239,3.055813789,-132.5080719,19.64151955,-14.43472958,-15.9367094,-0.267569751,0
1531946412897906943,47.2051239,3.055813789,-132.5080719,19.64151955,-14.27984142,-16.01267242,-0.24576965,0
1531946413006313803,47.2051239,3.055813789,-132.5080719,19.55761528,-13.51735497,-16.37812614,-0.138607606,0
1531946413072692466,47.2051239,3.055813789,-132.5080719,19.55761528,-12.84774303,-16.66950989,-0.097823687,0
1531946413101401768,47.2051239,3.055813789,-132.5080719,19.55761528,-12.66591263,-16.74804306,-0.11043036,0
1531946413150218019,47.2051239,3.055813789,-132.5080719,19.65277863,-11.95434093,-17.02215767,-0.111462981,0
1531946413221003669,46.55588913,2.90920639,-122.3568268,19.76651764,-11.58448124,-17.15895462,-0.129151836,0
1531946413237766726,46.55588913,2.90920639,-122.3568268,19.76651764,-11.40754318,-17.22213936,-0.129527867,0
1531946413293785530,46.55588913,2.90920639,-122.3568268,19.76651764,-10.82046318,-17.42012215,-0.166064098,0
1531946413315954129,46.55588913,2.90920639,-122.3568268,19.83759689,-10.62663555,-17.47887611,-0.176555708,0
1531946413402866951,46.55588913,2.90920639,-122.3568268,19.83759689,-9.889157295,-17.67953491,-0.203283116,0
1531946413412857227,46.55588913,2.90920639,-122.3568268,19.75483513,-9.72342968,-17.71829224,-0.199676946,0
1531946413513392801,46.55588913,2.90920639,-122.3568268,19.56884384,-9.031153679,-17.86166382,-0.156442419,0
1531946413530342827,46.55588913,2.90920639,-122.3568268,19.56884384,-8.862091064,-17.88900375,-0.141277298,0
1531946413562764707,46.55588913,2.90920639,-122.3568268,19.56884384,-8.260787964,-17.96165276,-0.03017569,0
1531946413611549582,46.55588913,2.90920639,-122.3568268,19.22000504,-8.094975472,-17.98281479,-0.014272043,0
1531946413690925324,43.69140625,1.896269679,-108.404129,19.22138977,-7.190347195,-18.09016991,-0.085865952,0
1531946413731927114,43.69140625,1.896269679,-108.404129,19.31838036,-6.188336849,-18.18867111,-0.24907276,0
1531946413812375461,43.69140625,1.896269679,-108.404129,19.31838036,-5.540769577,-18.23956108,-0.375227898,0
1531946413877407341,43.69140625,1.896269679,-108.404129,19.41622162,-4.896499157,-18.25901222,-0.482392222,0
1531946413927596659,43.69140625,1.896269679,-108.404129,19.43984032,-4.075334549,-18.25414276,-0.576968133,0
1531946414015481527,43.95882797,2.217162132,-99.6541748,19.43984032,-3.282803297,-18.21544838,-0.638746023,0
1531946414099746212,43.95882797,2.217162132,-99.6541748,19.32722473,-2.896980286,-18.1824398,-0.664044917,0
1531946414129148291,43.95882797,2.217162132,-99.6541748,19.32722473,-2.532067776,-18.14233971,-0.671001792,0
1531946414168900112,43.95882797,2.217162132,-99.6541748,19.10271454,-2.179103374,-18.09750938,-0.672999024,0
1531946414214995551,43.95882797,2.217162132,-99.6541748,19.10271454,-1.654349685,-18.01388359,-0.676995337,0
1531946414304886266,43.95882797,2.217162132,-99.6541748,18.8787117,-0.781944275,-17.83500481,-0.699665427,0
1531946414369664042,43.95882797,2.217162132,-99.6541748,18.741436,-0.152532801,-17.6839962,-0.65991652,0
1531946414453088329,43.40819931,3.408344269,-88.57471466,18.741436,0.000917593,-17.63463593,-0.64771986,0
1531946414490610100,43.40819931,3.408344269,-88.57471466,18.54066467,0.293172926,-17.54332733,-0.620535135,0
1531946414529959010,43.40819931,3.408344269,-88.57471466,18.54066467,0.802299678,-17.36466789,-0.538373113,0
1531946414563875583,43.40819931,3.408344269,-88.57471466,18.24806595,0.926056862,-17.32040596,-0.513258278,0
1531946414616439628,43.40819931,3.408344269,-88.57471466,18.24806595,1.29353404,-17.17473602,-0.445388436,0
1531946414683084465,43.40819931,3.408344269,-88.57471466,18.24806595,1.419564605,-17.12061501,-0.428334653,0
1531946414702725656,43.40819931,3.408344269,-88.57471466,18.14540863,1.912415624,-16.91000938,-0.333699882,0
1531946414779549051,43.40819931,3.408344269,-88.57471466,17.98715591,2.149055958,-16.80393982,-0.268751323,0
1531946414796637159,40.89239502,1.154791236,-79.61325073,17.98715591,2.384188414,-16.69739532,-0.191634849,0
1531946414832278454,40.89239502,1.154791236,-79.61325073,17.82185745,2.727427721,-16.52431679,-0.082664132,0
1531946414922404225,40.89239502,1.154791236,-79.61325073,17.82185745,3.083650589,-16.35063362,0.003994877,0
1531946414966751571,40.89239502,1.154791236,-79.61325073,17.71739006,3.327701092,-16.23498726,0.054352816,0
1531946415009227212,40.89239502,1.154791236,-79.61325073,17.71739006,3.707983494,-16.0519352,0.122784168,0
1531946415090864988,40.89239502,1.154791236,-79.61325073,17.70894241,3.97236681,-15.9188261,0.166140229,0
1531946415123839993,40.89239502,1.154791236,-79.61325073,17.70894241,4.368949413,-15.71414375,0.233084381,0
1531946415151228509,42.39384079,-2.203671932,-69.1727066,17.70894241,4.497321129,-15.64653778,0.262611806,0
1531946415190440298,42.39384079,-2.203671932,-69.1727066,17.64614105,4.877561092,-15.4411974,0.359043002,0
1531946415249269907,42.39384079,-2.203671932,-69.1727066,17.55978966,5.37838316,-15.14004326,0.48015669,0
1531946415330228992,42.39384079,-2.203671932,-69.1727066,17.55978966,5.631336689,-14.98433876,0.543385923,0
1531946415377079318,42.39384079,-2.203671932,-69.1727066,17.56195641,5.880803585,-14.82691097,0.602317214,0
1531946415416277661,42.39384079,-2.203671932,-69.1727066,17.56195641,6.271058083,-14.57433987,0.684524119,0
1531946415443892779,42.39384079,-2.203671932,-69.1727066,17.56195641,6.390800476,-14.49202442,0.705199182,0
1531946415515076154,42.39384079,-2.203671932,-69.1727066,17.63170624,7.20520401,-13.92781067,0.788299739,0
1531946415621415570,43.57593918,-2.775096178,-59.77410126,17.63170624,7.469330311,-13.73533821,0.820950687,0
1531946415649629084,43.57593918,-2.775096178,-59.77410126,17.59388161,7.848831654,-13.43236542,0.882830083,0
1531946415715501716,43.57593918,-2.775096178,-59.77410126,17.59388161,8.363404274,-13.0128746,0.936210454,0
1531946415766161593,43.57593918,-2.775096178,-59.77410126,17.66839218,8.752837181,-12.6898241,0.964063942,0
1531946415811010264,43.57593918,-2.775096178,-59.77410126,17.66839218,8.883152962,-12.57345104,0.969188392,0
1531946415854414635,43.57593918,-2.775096178,-59.77410126,17.71089935,9.120520592,-12.35354614,0.994630396,0
1531946415879027689,43.57593918,-2.775096178,-59.77410126,17.71089935,9.352966309,-12.12741375,1.040697455,0
1531946415933942161,43.57593918,-2.775096178,-59.77410126,17.66546249,9.692501068,-11.79175949,1.093170881,0
1531946415956857449,43.57593918,-2.775096178,-59.77410126,17.66546249,10.12524033,-11.33088398,1.158552408,0
1531946416014956088,44.5698204,-2.208956003,-48.80282974,17.74298859,10.67435932,-10.71687031,1.191082358,0
1531946416104597149,44.5698204,-2.208956003,-48.80282974,17.79333115,10.98911285,-10.35173607,1.182431936,0
1531946416213815242,44.5698204,-2.208956003,-48.80282974,17.79333115,11.1968565,-10.09203243,1.154316187,0
1531946416259633270,44.5698204,-2.208956003,-48.80282974,17.94711494,11.48571682,-9.715224266,1.121391296,0
1531946416295236947,44.5698204,-2.208956003,-48.80282974,17.94711494,11.65067196,-9.475791931,1.122033238,0
1531946416348918706,44.5698204,-2.208956003,-48.80282974,17.99243164,11.88959885,-9.112697601,1.129124403,0
1531946416399922618,44.5698204,-2.208956003,-48.80282974,17.99243164,12.03691387,-8.86020565,1.144304633,0
1531946416454019774,38.10742569,-3.129409552,-36.21803284,17.94449043,12.26090431,-8.472352028,1.152163148,0
1531946416501359099,38.10742569,-3.129409552,-36.21803284,17.96826172,12.41252136,-8.207619667,1.143067479,0
1531946416538528799,38.10742569,-3.129409552,-36.21803284,17.96826172,12.55808258,-7.950481415,1.136982679,0
1531946416598206907,38.10742569,-3.129409552,-36.21803284,18.05934525,12.81058884,-7.434777737,1.126072526,0
1531946416630574873,38.10742569,-3.129409552,-36.21803284,18.05934525,12.93199539,-7.166807652,1.120412111,0
1531946416725582928,38.10742569,-3.129409552,-36.21803284,18.10794258,13.11769581,-6.742274761,1.096117616,0
1531946416739463050,38.10742569,-3.129409552,-36.21803284,18.10794258,13.25222301,-6.434464455,1.087281585,0
1531946416760616543,37.88497543,-3.192230225,-27.33269882,18.10794258,13.31628609,-6.259027958,1.071504712,0
1531946416824792337,37.88497543,-3.192230225,-27.33269882,18.30330467,13.44631958,-5.914080143,1.06192112,0
1531946416854210903,37.88497543,-3.192230225,-27.33269882,18.30330467,13.62442684,-5.411694527,1.071624875,0
1531946416883241798,37.88497543,-3.192230225,-27.33269882,18.14242554,13.73286724,-5.085648537,1.093004823,0
1531946416924033504,37.88497543,-3.192230225,-27.33269882,18.00004005,13.9876194,-4.222118378,1.139069915,0
1531946416973761323,37.88497543,-3.192230225,-27.33269882,18.00004005,14.12958527,-3.668996334,1.187512875,0
1531946417028313447,37.88497543,-3.192230225,-27.33269882,17.89466095,14.21016979,-3.323438644,1.229828596,0
1531946417120727631,37.88497543,-3.192230225,-27.33269882,17.89466095,14.28128147,-2.988271475,1.277915478,0
1531946417172673430,45.81355286,-2.132096529,-16.47406387,17.5975399,14.36485004,-2.460510731,1.36531651,0
1531946417207778663,45.81355286,-2.132096529,-16.47406387,17.5975399,14.41368198,-2.11285162,1.424087644,0
1531946417259100902,45.81355286,-2.132096529,-16.47406387,17.44408035,14.51788521,-1.392573118,1.477301002,0
1531946417321702990,45.81355286,-2.132096529,-16.47406387,17.44408035,14.56622887,-0.880020082,1.51399982,0
1531946417348419410,45.81355286,-2.132096529,-16.47406387,17.25928688,14.61919785,-0.205756903,1.533778548,0
1531946417406730629,45.81355286,-2.132096529,-16.47406387,17.21138763,14.63869572,0.115534291,1.53241837,0
1531946417509843458,45.71221161,-0.616090357,-9.002571106,17.21138763,14.65925598,0.618740857,1.527395129,0
1531946417576519030,45.71221161,-0.616090357,-9.002571106,17.21138763,14.65846157,0.786947906,1.52728653,0
1531946417610507093,45.71221161,-0.616090357,-9.002571106,17.21990967,14.65869808,1.111984015,1.542085409,0
1531946417692011172,45.71221161,-0.616090357,-9.002571106,17.21990967,14.64630795,1.614853144,1.561172724,0
1531946417713657763,45.71221161,-0.616090357,-9.002571106,17.20680618,14.64318085,1.773058295,1.554270864,0
1531946417734848426,45.71221161,-0.616090357,-9.002571106,17.20680618,14.6163435,2.29189992,1.524087548,0
1531946417809885981,45.71221161,-0.616090357,-9.002571106,17.33127022,14.57332611,2.798815489,1.494067788,0
1531946417826878876,45.71221161,-0.616090357,-9.002571106,17.33127022,14.54148388,3.108352661,1.498474121,0
1531946417901145698,45.71221161,-0.616090357,-9.002571106,17.47988701,14.50272274,3.419155359,1.497998595,0
1531946417920268948,41.92175293,-1.872589588,4.036832333,17.4227314,14.4075079,4.08237648,1.494251251,0
1531946417971167018,41.92175293,-1.872589588,4.036832333,17.4227314,14.38002586,4.253381729,1.482764244,0
1531946418025905630,41.92175293,-1.872589588,4.036832333,17.4227314,14.25580215,4.922587872,1.411991239,0
1531946418104579567,41.92175293,-1.872589588,4.036832333,17.58947945,14.1890316,5.226279736,1.397452354,0
1531946418127730103,41.92175293,-1.872589588,4.036832333,17.61945915,14.00348473,5.866291523,1.410805345,0
1531946418203390803,41.92175293,-1.872589588,4.036832333,17.61945915,13.89527798,6.170370579,1.446231723,0
1531946418240853250,41.92175293,-1.872589588,4.036832333,17.52182198,13.78626251,6.454754829,1.495392442,0
1531946418319567878,41.92175293,-1.872589588,4.036832333,17.52182198,13.55236053,7.013449669,1.597890854,0
1531946418369334979,40.70137405,-4.410207748,20.57678032,17.29873848,13.4130373,7.317747593,1.631096721,0
1531946418403126597,40.70137405,-4.410207748,20.57678032,17.29873848,13.17560482,7.815881252,1.629301429,0
1531946418481786671,40.70137405,-4.410207748,20.57678032,17.41470718,13.00896263,8.152169228,1.594836831,0
1531946418517521675,40.70137405,-4.410207748,20.57678032,17.59420204,12.47851944,9.084310532,1.42619729,0
1531946418567536798,40.70137405,-4.410207748,20.57678032,17.59420204,12.27917194,9.389465332,1.363138914,0
1531946418621743637,40.70137405,-4.410207748,20.57678032,17.80771065,12.17768192,9.540534019,1.319430947,0
1531946418740794909,40.70137405,-4.410207748,20.57678032,17.80771065,11.87851524,9.97931385,1.161749125,0
1531946418781765772,40.70137405,-4.410207748,20.57678032,17.9189682,11.43640804,10.54210758,0.94011718,0
1531946418815576119,40.70137405,-4.410207748,20.57678032,17.9189682,11.33262253,10.66478157,0.892539918,0
1531946418851244178,37.57397842,-1.657369971,35.14682007,18.00240326,11.01319599,11.02182674,0.748497963,0
1531946418937060096,37.57397842,-1.657369971,35.14682007,18.00240326,10.81334114,11.23897457,0.64251709,0
1531946418961201631,37.57397842,-1.657369971,35.14682007,17.98383713,10.48731709,11.55875492,0.451989621,0
1531946419021083803,37.57397842,-1.657369971,35.14682007,17.98383713,10.26911259,11.7636652,0.320283622,0
1531946419061280412,37.57397842,-1.657369971,35.14682007,17.95743752,9.945033073,12.04919529,0.147702113,0
1531946419128501363,37.57397842,-1.657369971,35.14682007,17.95743752,9.495304108,12.39714718,-0.099248283,0
1531946419162528580,37.57397842,-1.657369971,35.14682007,17.95414543,9.385969162,12.47741985,-0.154603168,0
1531946419190835130,30.39818382,1.55046463,44.8105278,17.95414543,9.063688278,12.69000435,-0.305278599,0
1531946419291488072,30.39818382,1.55046463,44.8105278,17.8717041,8.857605934,12.81976032,-0.400343239,0
1531946419331682663,30.39818382,1.55046463,44.8105278,17.8717041,8.537290573,13.00306225,-0.553261459,0
1531946419372730172,30.39818382,1.55046463,44.8105278,17.76903152,8.32965374,13.11174488,-0.655821621,0
1531946419408718127,30.39818382,1.55046463,44.8105278,17.76903152,8.021092415,13.26046944,-0.800682545,0
1531946419493431634,30.39818382,1.55046463,44.8105278,17.70788765,7.826020718,13.34860134,-0.885574698,0
1531946419518688417,30.39818382,1.55046463,44.8105278,17.70788765,7.63577652,13.43156719,-0.971209824,0
1531946419578180357,30.39818382,1.55046463,44.8105278,17.5786438,7.328927517,13.54149914,-1.118685246,0
1531946419630630940,24.00944328,3.791898727,54.90385818,17.5786438,7.128440857,13.61119652,-1.221529841,0
1531946419649736869,24.00944328,3.791898727,54.90385818,17.51571083,6.820092678,13.71318817,-1.381321311,0
1531946419729137647,24.00944328,3.791898727,54.90385818,17.51571083,6.511828423,13.79648018,-1.509888411,0
1531946419760743043,24.00944328,3.791898727,54.90385818,17.51571083,6.409292221,13.81623459,-1.549844146,0
1531946419818311382,24.00944328,3.791898727,54.90385818,17.36801338,6.132829666,13.86657238,-1.645635486,0
1531946419890180298,24.00944328,3.791898727,54.90385818,17.19571495,5.889214039,13.90212727,-1.730250597,0
1531946419906452563,24.00944328,3.791898727,54.90385818,17.19571495,5.635484219,13.93587112,-1.806560516,0
1531946419961179682,24.00944328,3.791898727,54.90385818,16.93459129,5.462352276,13.95016289,-1.841724753,0
1531946420006942419,24.00944328,3.791898727,54.90385818,16.93459129,5.305987835,13.95867062,-1.867956996,0
1531946420085844432,24.00944328,3.791898727,54.90385818,16.71426582,5.031768799,13.95977783,-1.92329061,0
1531946420123723365,19.44418335,6.240637779,62.59189606,16.71426582,4.889554024,13.9621315,-1.955826521,0
1531946420166807583,19.44418335,6.240637779,62.59189606,16.71426582,4.81165266,13.96074772,-1.97684145,0
1531946420238430591,19.44418335,6.240637779,62.59189606,16.51009941,4.589531899,13.96099758,-2.028016806,0
1531946420278850057,19.44418335,6.240637779,62.59189606,16.28605652,4.468776703,13.94862461,-2.042176485,0
1531946420309369402,19.44418335,6.240637779,62.59189606,16.03386688,4.196728706,13.90194035,-2.070496798,0
1531946420354739985,19.44418335,6.240637779,62.59189606,16.03386688,4.012510777,13.85071945,-1.996776223,0
1531946420400313481,19.44418335,6.240637779,62.59189606,15.55966663,3.933886051,13.80375004,-1.878949881,0
1531946420508102160,19.44418335,6.240637779,62.59189606,15.55966663,3.914019585,13.78630352,-1.839060545,0
1531946420567474619,19.44418335,6.240637779,62.59189606,15.15942574,3.851684332,13.72428608,-1.724975944,0
1531946420612214535,8.580525398,6.013532162,68.2559433,15.15942574,3.762354136,13.65272713,-1.588168263,0
1531946420660736950,8.580525398,6.013532162,68.2559433,14.84943676,3.716934443,13.60334969,-1.486865044,0
1531946420715576442,8.580525398,6.013532162,68.2559433,14.51924992,3.681627274,13.54531479,-1.386330962,0
1531946420796958288,8.580525398,6.013532162,68.2559433,14.51924992,3.663859844,13.50907612,-1.327776551,0
1531946420850914352,8.580525398,6.013532162,68.2559433,14.28020859,3.64521265,13.47621727,-1.25153172,0
1531946420900854784,8.580525398,6.013532162,68.2559433,13.98293495,3.591882229,13.38679409,-0.970285892,0
1531946420968951414,8.580525398,6.013532162,68.2559433,13.98293495,3.576176167,13.35809994,-0.861373067,0
1531946421001985840,0.869271874,4.424753666,71.01741028,13.60558796,3.564414501,13.33292007,-0.723363042,0
1531946421073219799,0.869271874,4.424753666,71.01741028,13.60558796,3.540872097,13.2963295,-0.40870747,0
1531946421132443548,0.869271874,4.424753666,71.01741028,13.19697857,3.529705524,13.27502632,-0.263933599,0
1531946421170325170,0.869271874,4.424753666,71.01741028,13.19697857,3.531414986,13.24729347,-0.074705802,0
1531946421213238459,0.869271874,4.424753666,71.01741028,13.01127911,3.550519466,13.22791195,0.053304315,0
1531946421274185649,0.869271874,4.424753666,71.01741028,13.01127911,3.570525408,13.21548462,0.174275383,0
1531946421310510628,-3.154695272,2.272111893,70.87599945,13.01127911,3.575509071,13.2036829,0.302044362,0
1531946421370152783,-3.154695272,2.272111893,70.87599945,12.75216198,3.613640308,13.17957401,0.56355077,0
1531946421410849597,-3.154695272,2.272111893,70.87599945,12.65819073,3.619726896,13.17834377,0.631958663,0
1531946421453286436,-3.154695272,2.272111893,70.87599945,12.61498642,3.664420128,13.17507458,0.963574946,0
1531946421510279334,-3.154695272,2.272111893,70.87599945,12.61498642,3.696958303,13.20040894,1.085797787,0
1531946421555703383,-3.154695272,2.272111893,70.87599945,12.49097252,3.720810652,13.24124622,1.201724887,0
1531946421617344374,-3.154695272,2.272111893,70.87599945,12.49097252,3.732388496,13.24746227,1.212334394,0
1531946421690047414,-5.329892159,0.320466071,68.4482193,12.55273724,3.751353741,13.28542042,1.284892559,0
1531946421808778501,-5.329892159,0.320466071,68.4482193,12.60284901,3.786121607,13.32395077,1.335335851,0
1531946421904768206,-5.329892159,0.320466071,68.4482193,12.60284901,3.811471224,13.35711002,1.383323431,0
1531946421914222036,-5.329892159,0.320466071,68.4482193,12.689538,3.867629051,13.3941803,1.443088531,0
1531946421964577672,-5.329892159,0.320466071,68.4482193,12.689538,3.892889738,13.40557957,1.439170122,0
1531946422026562763,-5.329892159,0.320466071,68.4482193,12.689538,3.935615301,13.43408871,1.495504856,0
1531946422057190735,1.397343755,-1.694697618,63.92186356,12.80173683,4.015107632,13.47382355,1.536603928,0
1531946422128609358,1.397343755,-1.694697618,63.92186356,12.73648357,4.102179527,13.50936699,1.588986158,0
1531946422160518482,1.397343755,-1.694697618,63.92186356,12.73648357,4.134031296,13.52816582,1.616697907,0
1531946422178484030,1.397343755,-1.694697618,63.92186356,12.73648357,4.222718239,13.5759325,1.671495438,0
1531946422215298810,1.397343755,-1.694697618,63.92186356,12.73591614,4.25715065,13.59607792,1.690522909,0
1531946422308659908,1.397343755,-1.694697618,63.92186356,12.73591614,4.447199345,13.7169075,1.606156349,0
1531946422330470352,1.397343755,-1.694697618,63.92186356,13.08671761,4.600926399,13.82248211,1.488639236,0
1531946422374272928,1.397343755,-1.694697618,63.92186356,13.21801567,4.662221909,13.87121677,1.450850129,0
1531946422421467384,1.397343755,-1.694697618,63.92186356,13.21801567,4.748274326,13.96757317,1.372098565,0
1531946422493272046,-1.020467639,-3.53283,62.49171448,13.27487087,4.788280487,14.02792931,1.363340139,0
1531946422517827825,-1.020467639,-3.53283,62.49171448,13.42084694,4.840909481,14.18945408,1.271271467,0
1531946422549975366,-1.020467639,-3.53283,62.49171448,13.42084694,4.8269701,14.26584148,1.334427595,0
1531946422608441251,-1.020467639,-3.53283,62.49171448,13.20032597,4.803427696,14.31235981,1.428747654,0
1531946422623894631,-1.020467639,-3.53283,62.49171448,13.20032597,4.750965595,14.3825016,1.581514716,0
1531946422691041851,-1.020467639,-3.53283,62.49171448,12.99484253,4.696994781,14.43728733,1.662671208,0
1531946422731070476,0.552712023,-4.258896828,65.74021912,12.99484253,4.553725719,14.56412697,1.802897334,0
1531946422815589490,0.552712023,-4.258896828,65.74021912,12.99458694,4.501671314,14.60177422,1.827760339,0
1531946422893472812,0.552712023,-4.258896828,65.74021912,12.99458694,4.278033733,14.76830482,1.836727977,0
1531946422912857626,0.552712023,-4.258896828,65.74021912,13.18352795,4.213521481,14.80720329,1.843011856,0
1531946422972530195,0.552712023,-4.258896828,65.74021912,13.18352795,4.076087475,14.90157604,1.815024614,0
1531946422998908855,0.552712023,-4.258896828,65.74021912,13.43717098,3.738780022,15.10127258,1.714677334,0
1531946423109584248,15.07157612,-3.81142664,71.19416809,13.43717098,3.562901735,15.2056284,1.663847089,0
1531946423130795176,15.07157612,-3.81142664,71.19416809,13.84844589,3.470522642,15.2603941,1.629575491,0
1531946423170025662,15.07157612,-3.81142664,71.19416809,13.84844589,3.017256975,15.48594093,1.506568313,0
1531946423230862304,15.07157612,-3.81142664,71.19416809,14.21717167,2.692844629,15.6303463,1.335141301,0
1531946423252322022,15.07157612,-3.81142664,71.19416809,14.60345364,2.392711639,15.73811245,1.239074349,0
1531946423327740302,15.07157612,-3.81142664,71.19416809,14.60345364,2.074478388,15.85335827,1.123947978,0
1531946423378712551,15.07157612,-3.81142664,71.19416809,14.60345364,1.967101455,15.88571358,1.087591529,0
1531946423413816599,15.07157612,-3.81142664,71.19416809,15.0092659,1.716650605,15.96541405,0.962463915,0
1531946423501472526,26.43056297,-0.833163738,73.61412811,15.0092659,1.473090529,16.03018761,0.87980938,0
1531946423564644580,26.43056297,-0.833163738,73.61412811,15.36786842,0.970335186,16.15500832,0.736928582,0
1531946423619691723,26.43056297,-0.833163738,73.61412811,15.36786842,0.796640337,16.18950462,0.658570945,0
1531946423652068012,26.43056297,-0.833163738,73.61412811,15.89348984,0.502908289,16.24684143,0.570687532,0
1531946423697600368,26.43056297,-0.833163738,73.61412811,15.89348984,-0.086352065,16.33413315,0.468307436,0
1531946423733138895,26.43056297,-0.833163738,73.61412811,16.01363564,-0.503043294,16.38152313,0.442881912,0
1531946423773761369,26.43056297,-0.833163738,73.61412811,16.01363564,-0.821238935,16.40733147,0.397273153,0
1531946423840200637,26.43056297,-0.833163738,73.61412811,16.18106079,-0.978544235,16.42162132,0.383892685,0
1531946423897642068,32.77638626,1.646226406,81.92570496,16.18106079,-1.525896192,16.44952393,0.246288493,0
1531946423914778935,32.77638626,1.646226406,81.92570496,16.40498924,-2.084259987,16.45921135,0.135068223,0
1531946423977245310,32.77638626,1.646226406,81.92570496,16.57799912,-2.818067312,16.43907166,0.035109572,0
1531946424068339412,32.77638626,1.646226406,81.92570496,16.57799912,-3.557364464,16.38171959,-0.038066342,0
1531946424096796850,32.77638626,1.646226406,81.92570496,16.6764431,-3.715004921,16.37003708,-0.025775986,0
1531946424134600131,32.77638626,1.646226406,81.92570496,16.6764431,-4.241263866,16.29823494,-0.032759313,0
1531946424176419269,32.77638626,1.646226406,81.92570496,16.74429703,-4.612510681,16.23527527,-0.039465126,0
1531946424238968723,32.77638626,1.646226406,81.92570496,16.80986404,-5.536177158,16.03872299,-0.047490325,0
1531946424307662789,32.77638626,1.646226406,81.92570496,16.80986404,-6.077194214,15.89208317,-0.038295873,0
1531946424356946173,32.77638626,1.646226406,81.92570496,16.92964363,-6.430751801,15.79004097,-0.013534369,0
1531946424401391005,32.77638626,1.646226406,81.92570496,16.92964363,-6.784645081,15.66871262,-0.019949997,0
1531946424443545534,42.65639114,3.180495501,97.57429504,17.02264977,-7.300381184,15.47815609,-0.011097942,0
1531946424473637989,42.65639114,3.180495501,97.57429504,17.02264977,-7.797374725,15.27246761,0.025814664,0
1531946424527515552,42.65639114,3.180495501,97.57429504,17.02264977,-7.966520309,15.20134544,0.056695495,0
1531946424594689089,42.65639114,3.180495501,97.57429504,17.09263802,-8.445579529,14.98097897,0.143802881,0
1531946424637625429,42.65639114,3.180495501,97.57429504,17.09263802,-8.745141029,14.825284,0.183120891,0
1531946424678717310,42.65639114,3.180495501,97.57429504,17.07490921,-9.341446877,14.51105785,0.31912145,0
1531946424717156765,42.65639114,3.180495501,97.57429504,17.05305099,-9.488901138,14.4208746,0.3459948,0
1531946424759006702,46.78168488,4.07451725,107.0899506,17.05305099,-10.04831886,14.08316135,0.481539726,0
1531946424792339894,46.78168488,4.07451725,107.0899506,16.83536339,-10.29357815,13.93051338,0.580444515,0
1531946424890578153,46.78168488,4.07451725,107.0899506,16.83536339,-10.89955139,13.52201653,0.64789784,0
1531946424916655230,46.78168488,4.07451725,107.0899506,16.91064453,-11.64237118,12.98103905,0.576498747,0
1531946424955907743,46.78168488,4.07451725,107.0899506,16.91064453,-11.81684113,12.84508896,0.555529356,0
1531946424980978390,46.78168488,4.07451725,107.0899506,17.23777771,-12.45976734,12.29962063,0.565840662,0
1531946425089979933,46.78168488,4.07451725,107.0899506,17.28737068,-12.62303829,12.14476967,0.543856204,0
1531946425116219551,46.78168488,4.07451725,107.0899506,17.28737068,-13.06907749,11.71494484,0.52371031,0
1531946425183074408,47.27149963,3.421468496,120.2212753,17.28737068,-13.35163498,11.41519165,0.494465142,0
1531946425230620392,47.27149963,3.421468496,120.2212753,17.43571472,-13.76271057,10.96622658,0.425338894,0
1531946425297165918,47.27149963,3.421468496,120.2212753,17.43571472,-14.01459694,10.65632057,0.401865989,0
1531946425397986555,47.27149963,3.421468496,120.2212753,17.58963394,-14.27627087,10.32589722,0.341470659,0
1531946425414383391,47.27149963,3.421468496,120.2212753,17.58963394,-14.51972103,9.999992371,0.288415611,0
1531946425491185208,47.27149963,3.421468496,120.2212753,17.75538826,-14.75867271,9.655947685,0.235862896,0
1531946425513745832,47.27149963,3.421468496,120.2212753,17.70076942,-15.18388462,8.992878914,0.160279393,0
1531946425563298720,47.28476334,3.190811634,135.0207672,17.70076942,-15.57432938,8.297623634,0.075251006,0
1531946425598863499,47.28476334,3.190811634,135.0207672,17.78814316,-15.76320457,7.937861443,0.013238532,0
1531946425635141960,47.28476334,3.190811634,135.0207672,17.78814316,-16.09675407,7.210112095,-0.103895359,0
1531946425693211209,47.28476334,3.190811634,135.0207672,17.77333069,-16.31949806,6.666392326,-0.185316429,0
1531946425748527343,47.28476334,3.190811634,135.0207672,17.74414253,-16.44514275,6.317619324,-0.223275602,0
1531946425779683374,47.28476334,3.190811634,135.0207672,17.74414253,-16.5077095,6.134933949,-0.239206418,0
1531946425823376585,47.28476334,3.190811634,135.0207672,17.74414253,-16.66544151,5.631489277,-0.306246191,0
1531946425912317441,47.28476334,3.190811634,135.0207672,17.56610298,-16.75582695,5.27248764,-0.368443877,0
1531946425953075852,47.28476334,3.190811634,135.0207672,17.56610298,-16.89148712,4.627320766,-0.466254592,0
1531946426009349753,47.28476334,3.190811634,135.0207672,17.49905586,-16.91916656,4.478569031,-0.49410826,0
1531946426103686258,43.36705017,5.107217312,152.9201355,17.18629074,-17.00783157,3.749913692,-0.569325507,0
1531946426159366565,43.36705017,5.107217312,152.9201355,17.18629074,-17.03266907,3.341102123,-0.596352518,0
1531946426208907959,43.36705017,5.107217312,152.9201355,17.05865288,-17.0410862,3.058790684,-0.624892116,0
1531946426241019227,43.36705017,5.107217312,152.9201355,17.05865288,-17.0435257,2.791853666,-0.655507088,0
1531946426288503453,43.36705017,5.107217312,152.9201355,17.05865288,-17.03909302,2.53158927,-0.659572244,0
1531946426316525485,43.36705017,5.107217312,152.9201355,16.7538147,-17.00323868,2.024297476,-0.689032435,0
1531946426409219354,43.36705017,5.107217312,152.9201355,16.49780464,-16.99215126,1.902152777,-0.698519051,0
1531946426440981977,36.49268341,6.986572742,164.8086548,16.49780464,-16.96014786,1.529815555,-0.713149548,0
1531946426527556526,36.49268341,6.986572742,164.8086548,16.49780464,-16.92200851,1.2964921,-0.744911671,0
1531946426577958329,36.49268341,6.986572742,164.8086548,16.17949104,-16.86783218,0.916977406,-0.807015836,0
1531946426626555371,36.49268341,6.986572742,164.8086548,16.02633476,-16.82649803,0.683468819,-0.864622593,0
1531946426669364963,36.49268341,6.986572742,164.8086548,16.02633476,-16.71133995,0.106913239,-0.990757585,0
1531946426703045200,36.49268341,6.986572742,164.8086548,15.79503822,-16.6581707,-0.104893774,-1.007732153,0
1531946426784932662,36.49268341,6.986572742,164.8086548,15.79503822,-16.60571671,-0.282916158,-0.974834859,0
1531946426806049721,36.49268341,6.986572742,164.8086548,15.47819328,-16.55194855,-0.426990211,-0.90853703,0
1531946426836518962,32.69617844,9.50044632,173.1999969,15.47819328,-16.50583076,-0.556829333,-0.816518068,0
1531946426877540922,32.69617844,9.50044632,173.1999969,15.25291348,-16.41593552,-0.739476323,-0.708667457,0
1531946426929419073,32.69617844,9.50044632,173.1999969,15.25291348,-16.3642292,-0.858472407,-0.642239392,0
1531946427002210635,32.69617844,9.50044632,173.1999969,14.93350983,-16.28379631,-1.053755522,-0.590803921,0
1531946427039621346,32.69617844,9.50044632,173.1999969,14.93350983,-16.20109749,-1.257201672,-0.586980641,0
1531946427130782904,32.69617844,9.50044632,173.1999969,14.85022926,-16.17195511,-1.322224975,-0.579531491,0
1531946427172918640,32.69617844,9.50044632,173.1999969,14.85022926,-16.08834839,-1.52118814,-0.582201719,0
1531946427219929490,27.48240471,11.49429321,179.1968689,14.89515686,-16.00874138,-1.680821419,-0.562679291,0
1531946427276143138,27.48240471,11.49429321,179.1968689,14.77337933,-15.89608288,-1.896839261,-0.582302272,0
1531946427319223290,27.48240471,11.49429321,179.1968689,14.77337933,-15.82853317,-2.052245378,-0.537103832,0
1531946427359308582,27.48240471,11.49429321,179.1968689,14.77337933,-15.77708721,-2.162038803,-0.524608314,0
1531946427418196683,27.48240471,11.49429321,179.1968689,14.77174854,-15.75254917,-2.210381746,-0.513136625,0
1531946427504832350,27.48240471,11.49429321,179.1968689,14.77174854,-15.68831921,-2.39419198,-0.527087986,0
1531946427523503385,22.72430611,10.80457878,-177.2099609,14.77538872,-15.63458252,-2.512583971,-0.558238566,0
1531946427558365910,22.72430611,10.80457878,-177.2099609,14.77538872,-15.55967045,-2.699948788,-0.564718843,0
1531946427617918486,22.72430611,10.80457878,-177.2099609,14.80640602,-15.46323872,-2.932186365,-0.556432784,0
1531946427718842757,22.72430611,10.80457878,-177.2099609,14.80640602,-15.44141483,-2.983715296,-0.523656964,0
1531946427752372618,22.72430611,10.80457878,-177.2099609,14.61233997,-15.36109352,-3.135230303,-0.481363088,0
1531946427809581778,22.72430611,10.80457878,-177.2099609,14.61233997,-15.31675911,-3.229162216,-0.403196245,0
1531946427834752121,22.72430611,10.80457878,-177.2099609,14.38565636,-15.25470352,-3.367315292,-0.293579549,0
1531946427885184882,22.72430611,10.80457878,-177.2099609,14.38565636,-15.19011402,-3.49730134,-0.137928367,0
1531946427917595492,19.30753136,8.929203987,-170.586319,14.16654682,-15.13467979,-3.614994287,0.039053131,0
1531946427978852878,19.30753136,8.929203987,-170.586319,14.16654682,-15.10044384,-3.708578348,0.151034445,0
1531946428029288072,19.30753136,8.929203987,-170.586319,13.85725975,-15.06339169,-3.805440664,0.265715778,0
1531946428109759726,19.30753136,8.929203987,-170.586319,13.85725975,-15.01638794,-3.898458004,0.354735523,0
1531946428137921888,19.30753136,8.929203987,-170.586319,13.67658043,-14.98389626,-3.980027914,0.474502027,0
1531946428189719201,19.30753136,8.929203987,-170.586319,13.67658043,-14.93555164,-4.112561226,0.641557992,0
1531946428217441090,19.30753136,8.929203987,-170.586319,13.6630249,-14.89372158,-4.213366985,0.711370349,0
1531946428302521267,19.30753136,8.929203987,-170.586319,13.6630249,-14.84080315,-4.379199028,0.773949921,0
1531946428350244647,23.48415184,8.209970474,-166.5483093,13.76894951,-14.79635811,-4.506453037,0.893747985,0
1531946428397848770,23.48415184,8.209970474,-166.5483093,13.76894951,-14.75611591,-4.680999756,0.966764569,0
1531946428443540914,23.48415184,8.209970474,-166.5483093,13.87202835,-14.71443558,-4.862967968,1.057836175,0
1531946428484037728,23.48415184,8.209970474,-166.5483093,13.87202835,-14.67833614,-4.993844032,1.111373305,0
1531946428508654945,23.48415184,8.209970474,-166.5483093,13.87050533,-14.65928173,-5.046710014,1.140214562,0
1531946428598200888,23.48415184,8.209970474,-166.5483093,13.86473751,-14.57453346,-5.409636974,1.292635322,0
1531946428625253884,23.48415184,8.209970474,-166.5483093,13.86473751,-14.52088451,-5.651105881,1.385719895,0
1531946428672250551,25.45423698,6.573255062,-162.1442719,14.04514313,-14.461689,-5.826338291,1.391122341,0
1531946428737289795,25.45423698,6.573255062,-162.1442719,14.04514313,-14.39255905,-6.076622963,1.496564507,0
1531946428800502156,25.45423698,6.573255062,-162.1442719,14.04514313,-14.35988522,-6.171647072,1.52235353,0
1531946428870435497,25.45423698,6.573255062,-162.1442719,13.92579842,-14.28473568,-6.389919758,1.666409135,0
1531946428912396943,25.45423698,6.573255062,-162.1442719,13.92579842,-14.23402309,-6.538414955,1.7631706,0
1531946428933539103,25.45423698,6.573255062,-162.1442719,13.84934998,-14.12912369,-6.812325001,1.939323306,0
1531946429027372424,25.45423698,6.573255062,-162.1442719,13.84934998,-14.08617496,-6.91209507,1.942840457,0
1531946429082641336,25.45423698,6.573255062,-162.1442719,14.08373356,-13.81973839,-7.488213062,1.963259816,0
1531946429129470724,25.45423698,6.573255062,-162.1442719,14.08373356,-13.64051247,-7.839551926,1.906961679,0
1531946429182037586,28.87579918,2.237866163,-150.8706512,14.38390636,-13.51608181,-8.083737373,1.851455212,0
1531946429206311023,28.87579918,2.237866163,-150.8706512,14.38390636,-13.20127392,-8.621865273,1.667704225,0
1531946429267040990,28.87579918,2.237866163,-150.8706512,14.7893486,-12.76618195,-9.314044952,1.467351198,0
1531946429316118676,28.87579918,2.237866163,-150.8706512,14.94690228,-12.57358742,-9.570268631,1.397421956,0
1531946429389605320,28.87579918,2.237866163,-150.8706512,14.94690228,-12.29691029,-9.933486938,1.314012289,0
1531946429407161426,28.87579918,2.237866163,-150.8706512,15.15658283,-12.11031914,-10.17119503,1.264881134,0
1531946429529115738,28.87579918,2.237866163,-150.8706512,15.11260605,-11.73412037,-10.58131218,1.15594089,0
1531946429562345585,32.56446457,2.820263624,-142.2681885,15.11260605,-11.46096516,-10.85324478,1.098244786,0
1531946429636204213,32.56446457,2.820263624,-142.2681885,15.1969614,-11.26756668,-11.04031944,1.043547869,0
1531946429680163695,32.56446457,2.820263624,-142.2681885,15.1969614,-10.97006702,-11.30028725,0.962828159,0
1531946429713997861,32.56446457,2.820263624,-142.2681885,15.36248016,-10.56014442,-11.65046406,0.861196637,0
1531946429805749235,32.56446457,2.820263624,-142.2681885,15.36248016,-10.39540482,-11.77080536,0.893179655,0
1531946429843943261,32.56446457,2.820263624,-142.2681885,15.3438921,-10.23702812,-11.87684059,0.907821894,0
1531946429881180001,32.56446457,2.820263624,-142.2681885,15.3438921,-10.08046341,-11.99668312,0.926336706,0
1531946429939413551,32.56446457,2.820263624,-142.2681885,15.19274044,-9.849866867,-12.15971756,0.97219938,0
1531946430031657319,32.56446457,2.820263624,-142.2681885,14.96282864,-9.617203712,-12.34154892,1.060971022,0
1531946430091393502,37.13761902,8.42232132,-131.6913757,14.96282864,-9.217146873,-12.61915112,1.099043727,0
1531946430118438815,37.13761902,8.42232132,-131.6913757,14.96874142,-8.915950775,-12.82391453,1.15345335,0
1531946430192749081,37.13761902,8.42232132,-131.6913757,15.00286007,-8.610794067,-13.022789,1.210703135,0
1531946430232225572,37.13761902,8.42232132,-131.6913757,15.00286007,-8.418790817,-13.1522665,1.247410655,0
1531946430310970903,37.13761902,8.42232132,-131.6913757,15.00286007,-8.194359779,-13.27613831,1.241030693,0
1531946430334019023,37.13761902,8.42232132,-131.6913757,14.99013615,-7.974654675,-13.41326237,1.252962112,0
1531946430390465037,37.13761902,8.42232132,-131.6913757,14.99013615,-7.52738142,-13.65900803,1.238735318,0
1531946430412678745,34.65681458,8.65026474,-124.027359,14.98752975,-7.19396925,-13.83048821,1.231307507,0
1531946430505556669,34.65681458,8.65026474,-124.027359,15.17787266,-6.807373047,-13.99854851,1.148581862,0
1531946430589597025,34.65681458,8.65026474,-124.027359,15.17787266,-6.249613762,-14.22310352,1.001104951,0
1531946430624920185,34.65681458,8.65026474,-124.027359,15.39754486,-5.783380985,-14.38495541,0.850147724,0
1531946430726015768,34.65681458,8.65026474,-124.027359,15.67586994,-5.340773106,-14.51419544,0.688027203,0
1531946430752592506,34.65681458,8.65026474,-124.027359,15.67586994,-4.879372597,-14.61431217,0.520749032,0
1531946430781193533,34.65681458,8.65026474,-124.027359,15.67586994,-4.73572588,-14.64439487,0.480489373,0
1531946430835656974,36.19860458,5.85454607,-111.7367859,15.92521858,-4.136146545,-14.7351656,0.308382958,0
1531946430887277915,36.19860458,5.85454607,-111.7367859,15.98783302,-3.814592361,-14.77219486,0.209923342,0
1531946430925877862,36.19860458,5.85454607,-111.7367859,15.98783302,-3.553936243,-14.79544544,0.128420308,0
1531946430956767078,36.19860458,5.85454607,-111.7367859,15.98783302,-3.394669533,-14.80194283,0.072111659,0
1531946431029226579,36.19860458,5.85454607,-111.7367859,16.02878761,-2.841991663,-14.79920578,-0.096016996,0
1531946431071317398,36.19860458,5.85454607,-111.7367859,16.02878761,-2.573388577,-14.79659176,-0.186018199,0
1531946431142712041,36.19860458,5.85454607,-111.7367859,16.10215378,-2.412861109,-14.78531265,-0.256309241,0
1531946431163557900,36.19860458,5.85454607,-111.7367859,16.10215378,-1.977046728,-14.74941444,-0.444099396,0
1531946431210878016,35.67290497,8.253901482,-102.0017319,16.16852379,-1.43970418,-14.67970848,-0.668124557,0
1531946431268994263,35.67290497,8.253901482,-102.0017319,16.16852379,-1.278366685,-14.65721607,-0.750178277,0
1531946431302674019,35.67290497,8.253901482,-102.0017319,16.25500298,-1.010198712,-14.61313057,-0.849307179,0
1531946431362544731,35.67290497,8.253901482,-102.0017319,16.25500298,-0.613455474,-14.5408535,-0.971943021,0
1531946431430992856,35.67290497,8.253901482,-102.0017319,16.13617706,-0.106280506,-14.39663506,-1.157060504,0
1531946431465075875,35.67290497,8.253901482,-102.0017319,16.13617706,0.149840131,-14.32926846,-1.244497299,0
1531946431496044201,35.67290497,8.253901482,-102.0017319,16.13110352,0.384984255,-14.25194454,-1.36287415,0
1531946431566200913,35.67290497,8.253901482,-102.0017319,16.1987133,0.721251547,-14.12108231,-1.530149221,0
1531946431588497028,35.67290497,8.253901482,-102.0017319,16.1987133,0.936779916,-14.03429413,-1.619440913,0
1531946431620871653,35.67290497,8.253901482,-102.0017319,16.1987133,1.15013504,-13.93987083,-1.709408045,0
1531946431695656289,35.67290497,8.253901482,-102.0017319,16.21081924,1.342505336,-13.86344242,-1.75506413,0
1531946431729333228,33.36668015,12.83188057,-89.90298462,16.21081924,1.690053225,-13.67767715,-1.816896915,0
1531946431792574594,33.36668015,12.83188057,-89.90298462,16.0283165,1.788838625,-13.62327862,-1.853563547,0
1531946431819588948,33.36668015,12.83188057,-89.90298462,16.0283165,2.023693085,-13.47727489,-1.862101674,0
1531946431896424317,33.36668015,12.83188057,-89.90298462,15.93662071,2.186332226,-13.38173294,-1.865921497,0
1531946431961683921,33.36668015,12.83188057,-89.90298462,15.78730011,2.495872736,-13.18480778,-1.854838848,0
1531946432012425917,33.36668015,12.83188057,-89.90298462,15.78730011,2.720799208,-13.04605484,-1.816680193,0
1531946432039573710,33.36668015,12.83188057,-89.90298462,15.71814632,2.931109428,-12.89068127,-1.818790555,0
1531946432112459844,33.36668015,12.83188057,-89.90298462,15.71814632,3.214405775,-12.67781067,-1.831621408,0
1531946432134691065,30.99533653,13.67131424,-80.04005432,15.47793961,3.293900728,-12.62874126,-1.823396325,0
1531946432186760635,30.99533653,13.67131424,-80.04005432,15.47793961,3.553053141,-12.40488434,-1.882905602,0
1531946432221677746,30.99533653,13.67131424,-80.04005432,15.35838127,3.607305765,-12.34520054,-1.914140582,0
1531946432311719253,30.99533653,13.67131424,-80.04005432,15.35838127,3.825145245,-12.12085629,-2.003283978,0
1531946432336296514,30.99533653,13.67131424,-80.04005432,15.28310871,3.920125961,-12.01028728,-2.048720837,0
1531946432384056007,30.99533653,13.67131424,-80.04005432,15.28310871,4.02244091,-11.89334774,-2.123639345,0
1531946432426524573,30.99533653,13.67131424,-80.04005432,15.38441086,4.209230423,-11.67233658,-2.26566577,0
1531946432523769273,27.86898232,11.78650188,-71.54644775,15.20179367,4.340631962,-11.50653172,-2.340302229,0
1531946432563717540,27.86898232,11.78650188,-71.54644775,15.07339191,4.525749207,-11.23244762,-2.439566135,0
1531946432599447069,27.86898232,11.78650188,-71.54644775,15.07339191,4.632138729,-11.08393765,-2.473186255,0
1531946432644372929,27.86898232,11.78650188,-71.54644775,14.85672474,4.689550877,-10.98204613,-2.485164881,0
1531946432686042396,27.86898232,11.78650188,-71.54644775,14.85672474,4.766546249,-10.84560013,-2.485885859,0
1531946432737010259,27.86898232,11.78650188,-71.54644775,14.6160984,4.814755917,-10.75830936,-2.498168468,0
1531946432801664104,27.86898232,11.78650188,-71.54644775,14.6160984,4.874068737,-10.63286972,-2.498318911,0
1531946432830548337,27.86898232,11.78650188,-71.54644775,14.38588905,4.90760994,-10.54927731,-2.487208128,0
1531946432915285727,27.86898232,11.78650188,-71.54644775,14.38588905,4.943228245,-10.43316841,-2.479968309,0
1531946432943698376,21.10783958,13.06240654,-63.20773697,14.11129379,4.983592987,-10.34422779,-2.42282939,0
1531946432980599917,21.10783958,13.06240654,-63.20773697,14.11129379,5.00195694,-10.28765297,-2.393625736,0
1531946433055209718,21.10783958,13.06240654,-63.20773697,14.01053524,5.015211582,-10.22454262,-2.375110626,0
1531946433102841278,21.10783958,13.06240654,-63.20773697,14.01053524,5.042146683,-10.11974335,-2.29930234,0
1531946433174189979,21.10783958,13.06240654,-63.20773697,13.81188297,5.058657169,-10.10098648,-2.276875019,0
1531946433249414728,21.10783958,13.06240654,-63.20773697,13.81188297,5.082091331,-10.04543686,-2.191729307,0
1531946433293247590,21.10783958,13.06240654,-63.20773697,13.53848743,5.096364021,-10.01226616,-2.13968873,0
1531946433327648392,16.93575478,14.56275368,-60.42001724,13.53848743,5.104325771,-9.988414764,-2.140242577,0
1531946433381518048,16.93575478,14.56275368,-60.42001724,13.53848743,5.117733479,-9.9529953,-2.0867486,0
1531946433418893990,16.93575478,14.56275368,-60.42001724,13.35146332,5.130850315,-9.922356606,-2.025630713,0
1531946433491906008,16.93575478,14.56275368,-60.42001724,13.35146332,5.157272339,-9.895938873,-1.953537107,0
1531946433513043814,16.93575478,14.56275368,-60.42001724,13.35146332,5.179634094,-9.870793343,-1.880199552,0
1531946433586902890,16.93575478,14.56275368,-60.42001724,13.09893608,5.266342163,-9.813947678,-1.658135653,0
1531946433648092916,16.93575478,14.56275368,-60.42001724,13.09893608,5.321572781,-9.782113075,-1.559697628,0
1531946433699246723,16.93575478,14.56275368,-60.42001724,13.14248562,5.360048771,-9.761969566,-1.46688354,0
1531946433735437431,12.63936329,14.29012775,-60.49035645,13.14248562,5.437540531,-9.730605125,-1.297659636,0
1531946433806710512,12.63936329,14.29012775,-60.49035645,12.93934345,5.457725525,-9.715126991,-1.266677618,0
1531946433825296451,12.63936329,14.29012775,-60.49035645,12.93934345,5.553002357,-9.687906265,-1.072824597,0
1531946433891850237,12.63936329,14.29012775,-60.49035645,12.93934345,5.572351933,-9.672394753,-1.034754038,0
1531946433929504167,12.63936329,14.29012775,-60.49035645,12.75441074,5.634160042,-9.648377419,-0.916215122,0
1531946433958116495,12.63936329,14.29012775,-60.49035645,12.75441074,5.77366209,-9.596682549,-0.724535406,0
1531946433974758375,12.63936329,14.29012775,-60.49035645,12.69866562,5.984307766,-9.521695137,-0.529793084,0
1531946434030664517,12.63936329,14.29012775,-60.49035645,12.71698189,6.103159428,-9.470297813,-0.425219506,0
1531946434072228174,12.63936329,14.29012775,-60.49035645,12.83850479,6.241535187,-9.42416954,-0.309580833,0
1531946434103285822,12.11672592,10.47761536,-58.40690613,12.83850479,6.337012291,-9.388443947,-0.233407363,0
1531946434192691891,12.11672592,10.47761536,-58.40690613,12.83850479,6.426813602,-9.351534843,-0.17197749,0
1531946434286021326,12.11672592,10.47761536,-58.40690613,12.86079693,6.624875546,-9.267985344,-0.06884066,0
1531946434325363641,12.11672592,10.47761536,-58.40690613,13.16934776,6.727525234,-9.225001335,-0.016601844,0
1531946434376760156,12.11672592,10.47761536,-58.40690613,13.16934776,6.875910282,-9.161194801,0.102676325,0
1531946434412876204,12.11672592,10.47761536,-58.40690613,13.32138634,6.930814743,-9.132044792,0.101530448,0
1531946434460742083,12.11672592,10.47761536,-58.40690613,13.34263897,7.29224205,-8.974996567,0.318682462,0
1531946434494419662,12.11672592,10.47761536,-58.40690613,13.34263897,7.396862984,-8.923313141,0.361072451,0
1531946434533116423,12.11672592,10.47761536,-58.40690613,13.44376183,7.497954845,-8.873306274,0.414013892,0
1531946434578399829,16.88627434,4.59035778,-53.44064331,13.44376183,7.601102829,-8.818816185,0.448112398,0
1531946434626704413,16.88627434,4.59035778,-53.44064331,13.50932121,7.750231743,-8.738739967,0.495215952,0
1531946434692593659,16.88627434,4.59035778,-53.44064331,13.50932121,7.921816349,-8.654483795,0.531610131,0
1531946434722430088,16.88627434,4.59035778,-53.44064331,13.76986885,7.968464375,-8.628728867,0.559927821,0
1531946434760501368,16.88627434,4.59035778,-53.44064331,13.76986885,8.14100647,-8.534081459,0.562509477,0
1531946434814861785,16.88627434,4.59035778,-53.44064331,13.88302994,8.241558075,-8.469234467,0.568139434,0
1531946434864643133,16.88627434,4.59035778,-53.44064331,13.88302994,8.464262009,-8.333452225,0.604756892,0
1531946434900157232,16.88627434,4.59035778,-53.44064331,14.19494534,8.644264221,-8.212485313,0.567290902,0
1531946434953129886,16.88627434,4.59035778,-53.44064331,14.19494534,8.774154663,-8.121747971,0.547302783,0
1531946435007043243,16.88627434,4.59035778,-53.44064331,14.4683609,8.84852314,-8.071497917,0.518700123,0
1531946435093859315,16.88627434,4.59035778,-53.44064331,14.4683609,9.065404892,-7.912214756,0.468244761,0
1531946435131029880,21.11719894,2.402177572,-49.6373291,14.4683609,9.201858521,-7.79470396,0.418353975,0
1531946435252036350,21.11719894,2.402177572,-49.6373291,14.77405548,9.418623924,-7.622473717,0.365303665,0
1531946435296778732,21.11719894,2.402177572,-49.6373291,14.81191826,9.623345375,-7.445894718,0.309154421,0
1531946435328450463,21.11719894,2.402177572,-49.6373291,14.81191826,9.825144768,-7.253693104,0.245352343,0
1531946435371548608,21.11719894,2.402177572,-49.6373291,14.96532917,9.893284798,-7.189608097,0.230339721,0
1531946435409718559,21.11719894,2.402177572,-49.6373291,14.96532917,10.01663208,-7.061113834,0.203203574,0
1531946435506226398,21.11719894,2.402177572,-49.6373291,14.96532917,10.1413393,-6.941894531,0.202482864,0
1531946435527423399,21.11719894,2.402177572,-49.6373291,14.95011711,10.42229939,-6.601003647,0.159805402,0
1531946435566498387,21.91570473,2.13360095,-46.52161407,14.98666954,10.52418327,-6.460370064,0.178357065,0
1531946435608627369,21.91570473,2.13360095,-46.52161407,14.98666954,10.66650581,-6.249975204,0.22155042,0
1531946435687133738,21.91570473,2.13360095,-46.52161407,15.27573299,10.82312298,-6.024446011,0.23424989,0
1531946435727287670,21.91570473,2.13360095,-46.52161407,15.27573299,10.93548965,-5.85018301,0.179584488,0
1531946435794284515,21.91570473,2.13360095,-46.52161407,15.44502831,11.10510826,-5.572972775,0.116773129,0
1531946435807422589,21.91570473,2.13360095,-46.52161407,15.44502831,11.21170235,-5.385848522,0.10843768,0
1531946435858169003,24.558424,2.03242898,-42.07880783,15.54496765,11.37080288,-5.109003544,0.0704505,0
1531946435899370280,24.558424,2.03242898,-42.07880783,15.54496765,11.47010422,-4.909245014,0.02523795,0
1531946435967720502,24.558424,2.03242898,-42.07880783,15.55271339,11.6096077,-4.603936195,-0.03311706,0
1531946436031791254,24.558424,2.03242898,-42.07880783,15.55271339,11.69406891,-4.40958786,-0.07902988,0
1531946436065399105,24.558424,2.03242898,-42.07880783,15.75252628,11.84649086,-4.016715527,-0.155902609,0
1531946436117863806,24.558424,2.03242898,-42.07880783,15.93273258,11.94048882,-3.697957039,-0.223413944,0
1531946436158400672,24.558424,2.03242898,-42.07880783,15.93273258,12.02319813,-3.39944315,-0.269313455,0
1531946436174813067,24.558424,2.03242898,-42.07880783,16.11915016,12.075284,-3.204622984,-0.326781511,0
1531946436272096986,28.25211143,2.351569653,-35.1114769,16.11915016,12.14718628,-2.901824236,-0.405594558,0
1531946436335922886,28.25211143,2.351569653,-35.1114769,16.18586159,12.20029449,-2.60627079,-0.504906118,0
1531946436381952214,28.25211143,2.351569653,-35.1114769,16.18586159,12.23646545,-2.402108192,-0.551937699,0
1531946436450428192,28.25211143,2.351569653,-35.1114769,16.1655407,12.26284504,-2.214244366,-0.616058767,0
1531946436500754887,28.25211143,2.351569653,-35.1114769,16.1655407,12.2998991,-1.925649285,-0.705949783,0
1531946436546521370,27.16880035,1.086658001,-27.60012627,16.26465607,12.32590008,-1.528049469,-0.852850497,0
1531946436584909440,27.16880035,1.086658001,-27.60012627,16.26465607,12.32782745,-1.437181711,-0.87715292,0
1531946436642735406,27.16880035,1.086658001,-27.60012627,16.25432968,12.33263302,-1.090764165,-0.876147985,0
1531946436682770945,27.16880035,1.086658001,-27.60012627,16.25432968,12.31393719,-0.95434171,-0.820686996,0
1531946436751473623,27.16880035,1.086658001,-27.60012627,15.93023109,12.30459118,-0.892606854,-0.780957878,0
1531946436786665041,28.33875084,2.155889988,-22.09041977,15.93023109,12.27233028,-0.62229383,-0.642122269,0
1531946436863570139,28.33875084,2.155889988,-22.09041977,15.64623165,12.26624584,-0.54904443,-0.623192489,0
1531946436935796696,28.33875084,2.155889988,-22.09041977,15.64623165,12.22365856,-0.26714313,-0.591076374,0
1531946436968465509,28.33875084,2.155889988,-22.09041977,15.56408978,12.19938564,-0.136875629,-0.570637167,0
1531946437020375579,28.33875084,2.155889988,-22.09041977,15.56408978,12.16371727,0.063636221,-0.529705882,0
1531946437097548484,28.33875084,2.155889988,-22.09041977,15.49363613,12.15146923,0.137146309,-0.515281916,0
1531946437151419261,28.33875084,2.155889988,-22.09041977,15.49363613,12.12691402,0.257244885,-0.477212042,0
1531946437184595226,26.74799156,4.389915466,-15.34556866,15.57457829,12.08776188,0.381762087,-0.463011682,0
1531946437219658422,26.74799156,4.389915466,-15.34556866,15.57457829,12.04098225,0.568965435,-0.463662475,0
1531946437293155631,26.74799156,4.389915466,-15.34556866,15.55159187,12.0016861,0.792151272,-0.494609505,0
1531946437334134403,26.74799156,4.389915466,-15.34556866,15.55159187,11.95452881,1.028761268,-0.578264594,0
1531946437390259241,26.74799156,4.389915466,-15.34556866,15.66893673,11.93537712,1.102886319,-0.61018908,0
1531946437461886986,26.74799156,4.389915466,-15.34556866,15.66893673,11.8820591,1.322282434,-0.67869854,0
1531946437510175466,26.74799156,4.389915466,-15.34556866,15.6000948,11.82471085,1.555264354,-0.712766826,0
1531946437535346897,26.74799156,4.389915466,-15.34556866,15.6000948,11.80719852,1.620027304,-0.722667634,0
1531946437584936571,24.19340515,4.339325428,-6.457726002,15.6000948,11.73415375,1.812539339,-0.756402612,0
1531946437639119559,24.19340515,4.339325428,-6.457726002,15.5242548,11.71083355,1.874417901,-0.767992914,0
1531946437691441953,24.19340515,4.339325428,-6.457726002,15.5242548,11.61044979,2.15772295,-0.825334013,0
1531946437726245923,24.19340515,4.339325428,-6.457726002,15.4616909,11.56212711,2.289682865,-0.867835879,0
1531946437804862360,24.19340515,4.339325428,-6.457726002,15.4616909,11.502841,2.42817378,-0.929673195,0
1531946437830801132,24.19340515,4.339325428,-6.457726002,15.47673798,11.4038353,2.635251045,-0.953282773,0
1531946437864649064,24.19340515,4.339325428,-6.457726002,15.47673798,11.30490589,2.816027164,-0.868967891,0
1531946437907945543,24.19340515,4.339325428,-6.457726002,15.24475861,11.27807236,2.865219593,-0.827100754,0
1531946437970537129,24.19340515,4.339325428,-6.457726002,15.24475861,11.15307808,3.064673901,-0.728099644,0
1531946438020080637,20.02733803,3.646244049,2.629873991,15.1531105,11.12094402,3.123695374,-0.717619479,0
1531946438095908711,20.02733803,3.646244049,2.629873991,15.08980179,10.98630142,3.352397919,-0.650766432,0
1531946438131696988,20.02733803,3.646244049,2.629873991,15.08980179,10.92696857,3.453941584,-0.622374535,0
1531946438160669807,20.02733803,3.646244049,2.629873991,15.08980179,10.86374474,3.542258739,-0.591709793,0
1531946438231606249,20.02733803,3.646244049,2.629873991,15.01155281,10.7969408,3.62705493,-0.5582757,0
1531946438258137205,20.02733803,3.646244049,2.629873991,15.01155281,10.70671654,3.762269259,-0.495451123,0
1531946438317584644,20.02733803,3.646244049,2.629873991,14.87165165,10.6463356,3.858576536,-0.464477479,0
1531946438338718799,20.02733803,3.646244049,2.629873991,14.75721455,10.53066826,4.002585888,-0.42233634,0
1531946438399309276,20.25981903,4.532164574,9.210905075,14.75721455,10.44712162,4.10757637,-0.390911281,0
1531946438424232814,20.25981903,4.532164574,9.210905075,14.75721455,10.42077065,4.142743111,-0.380077273,0
1531946438509576635,20.25981903,4.532164574,9.210905075,14.67437172,10.34694672,4.252777576,-0.359916568,0
1531946438535360197,20.25981903,4.532164574,9.210905075,14.67719746,10.25400066,4.349250793,-0.313611418,0
1531946438598570093,20.25981903,4.532164574,9.210905075,14.67719746,10.18526554,4.439715862,-0.269678503,0
1531946438631621775,20.25981903,4.532164574,9.210905075,14.63084126,10.12853718,4.512763023,-0.228840426,0
1531946438685785939,20.25981903,4.532164574,9.210905075,14.63084126,10.08935261,4.556586742,-0.192905575,0
1531946438718950507,20.25981903,4.532164574,9.210905075,14.49549484,10.0211134,4.637007236,-0.139663637,0
1531946438807400058,17.04195976,4.957270145,13.75323772,14.49549484,9.976977348,4.68983078,-0.123192817,0
1531946438853287911,17.04195976,4.957270145,13.75323772,14.45006752,9.925236702,4.749644756,-0.07133659,0
1531946438892267686,17.04195976,4.957270145,13.75323772,14.45006752,9.857913971,4.827326775,0.004507684,0
1531946438933279945,17.04195976,4.957270145,13.75323772,14.34826946,9.817193031,4.869315624,0.046706703,0
1531946438978266666,17.04195976,4.957270145,13.75323772,14.34826946,9.764462471,4.931603909,0.123380989,0
1531946439021703692,17.04195976,4.957270145,13.75323772,14.35315228,9.746754646,4.960581303,0.150982246,0
1531946439104243495,17.04195976,4.957270145,13.75323772,14.35315228,9.675852776,5.047939777,0.268529773,0
1531946439172990546,14.20107365,6.092463493,14.99715519,14.29395103,9.624720573,5.12604475,0.364581525,0
1531946439198261577,14.20107365,6.092463493,14.99715519,14.29395103,9.609596252,5.150924206,0.387392968,0
1531946439248744506,14.20107365,6.092463493,14.99715519,14.11644363,9.587835312,5.190645695,0.420140058,0
1531946439324411416,14.20107365,6.092463493,14.99715519,14.11644363,9.538877487,5.298434258,0.415508479,0
1531946439376660175,14.20107365,6.092463493,14.99715519,14.11305904,9.517884254,5.347183228,0.351446539,0
1531946439457106729,14.20107365,6.092463493,14.99715519,14.11305904,9.503466606,5.399240494,0.303704321,0
1531946439504129008,14.20107365,6.092463493,14.99715519,14.28233624,9.481179237,5.48688364,0.216928214,0
1531946439529400807,10.84008503,5.333025932,16.65488434,14.4030714,9.452370644,5.565003395,0.153043121,0
1531946439586286006,10.84008503,5.333025932,16.65488434,14.4030714,9.426699638,5.625806808,0.116750613,0
1531946439643051628,10.84008503,5.333025932,16.65488434,14.4030714,9.409148216,5.66775465,0.097510248,0
1531946439685457860,10.84008503,5.333025932,16.65488434,14.47334957,9.390144348,5.722878456,0.072153911,0
1531946439725490935,10.84008503,5.333025932,16.65488434,14.4516573,9.344128609,5.807468891,0.06526304,0
1531946439815607485,10.84008503,5.333025932,16.65488434,14.4516573,9.333180428,5.826572895,0.07899446,0
1531946439834993003,10.84008503,5.333025932,16.65488434,14.4516573,9.292253494,5.900798321,0.139659882,0
1531946439897666421,10.84008503,5.333025932,16.65488434,14.43686581,9.276302338,5.938096046,0.184732378,0
1531946439978498534,10.84008503,5.333025932,16.65488434,14.43686581,9.225950241,6.041767597,0.33318463,0
1531946439994102865,10.84008503,5.333025932,16.65488434,14.09929466,9.201059341,6.088479996,0.413429946,0
1531946440022286094,10.31139183,3.641643524,19.67909813,14.09929466,9.176206589,6.143788338,0.498799235,0
1531946440100134935,10.31139183,3.641643524,19.67909813,13.92062569,9.123222351,6.287171841,0.627265096,0
1531946440124753272,10.31139183,3.641643524,19.67909813,13.92062569,9.089915276,6.351838112,0.676784277,0
1531946440187107370,10.31139183,3.641643524,19.67909813,13.85997391,9.075784683,6.386663437,0.698939562,0
1531946440245649258,10.31139183,3.641643524,19.67909813,13.85997391,9.026891708,6.514949322,0.756047249,0
1531946440306924348,10.31139183,3.641643524,19.67909813,13.85997391,9.011622429,6.555261612,0.77267611,0
1531946440348070463,10.31139183,3.641643524,19.67909813,13.76625633,8.9812994,6.666966438,0.830474615,0
1531946440384103208,10.31139183,3.641643524,19.67909813,13.76625633,8.940635681,6.754115105,0.886086941,0
1531946440407044045,10.31139183,3.641643524,19.67909813,13.77250957,8.892379761,6.872135162,0.952563345,0
1531946440518431712,10.14691162,2.627483606,21.55417061,13.67302704,8.843302727,7.003546715,1.051578999,0
1531946440540391219,10.14691162,2.627483606,21.55417061,13.67302704,8.795499802,7.130467415,1.127398849,0
1531946440584292017,10.14691162,2.627483606,21.55417061,13.71047974,8.753442764,7.225512505,1.198888183,0
1531946440628089758,10.14691162,2.627483606,21.55417061,13.71047974,8.71697998,7.306853771,1.270170569,0
1531946440711288050,10.14691162,2.627483606,21.55417061,13.63949871,8.680735588,7.393761158,1.351885319,0
1531946440748007072,10.14691162,2.627483606,21.55417061,13.63949871,8.636006355,7.525006771,1.434752107,0
1531946440781512377,13.40530014,1.094469786,23.82461166,13.63949871,8.590881348,7.624022007,1.486830592,0
1531946440871964063,13.40530014,1.094469786,23.82461166,13.70721149,8.518680573,7.821460724,1.515142798,0
1531946440904804541,13.40530014,1.094469786,23.82461166,13.70721149,8.505703926,7.868534565,1.504405618,0
1531946440926956171,13.40530014,1.094469786,23.82461166,13.83476639,8.418854713,8.135537148,1.473077297,0
1531946440972471847,13.40530014,1.094469786,23.82461166,13.96759319,8.345971107,8.338694572,1.436499953,0
1531946441003916719,13.40530014,1.094469786,23.82461166,14.14902496,8.314101219,8.435997963,1.424551487,0
1531946441063858952,13.40530014,1.094469786,23.82461166,14.14902496,8.259462357,8.583916664,1.447851419,0
1531946441099514046,13.40530014,1.094469786,23.82461166,14.14902496,8.236551285,8.636206627,1.471423626,0
1531946441174932230,13.40530014,1.094469786,23.82461166,14.06824398,8.196798325,8.732229233,1.489458799,0
1531946441224422560,16.41840172,-0.011947068,27.66882324,14.06824398,8.151585579,8.833316803,1.517356634,0
1531946441285098005,16.41840172,-0.011947068,27.66882324,14.01030827,8.113950729,8.934887886,1.545536399,0
1531946441324532364,16.41840172,-0.011947068,27.66882324,14.01030827,8.021970749,9.135654449,1.611789346,0
1531946441365868265,16.41840172,-0.011947068,27.66882324,13.94214439,7.971615314,9.23961544,1.619514346,0
1531946441421323825,16.41840172,-0.011947068,27.66882324,13.94214439,7.899667263,9.39644146,1.62958777,0
1531946441459632242,16.41840172,-0.011947068,27.66882324,13.95702934,7.877501488,9.453882217,1.634877443,0
1531946441516509661,16.41840172,-0.011947068,27.66882324,13.95702934,7.833840847,9.557053566,1.622211099,0
1531946441582658903,16.41840172,-0.011947068,27.66882324,13.99996853,7.657242775,9.901420593,1.520067334,0
1531946441609141869,16.41840172,-0.011947068,27.66882324,14.163311,7.627177715,9.966653824,1.500428438,0
1531946441705719245,17.43091202,-0.529718637,31.81947136,14.163311,7.540794373,10.15021992,1.42097652,0
1531946441796795898,17.43091202,-0.529718637,31.81947136,14.163311,7.464194775,10.26549721,1.355878949,0
1531946441818855357,17.43091202,-0.529718637,31.81947136,14.34779358,7.314587593,10.50992298,1.262487292,0
1531946441859986457,17.43091202,-0.529718637,31.81947136,14.50566959,7.237074852,10.64304733,1.197218776,0
1531946441909362749,17.43091202,-0.529718637,31.81947136,14.50566959,7.105494022,10.84579563,1.096205831,0
1531946441939816943,17.43091202,-0.529718637,31.81947136,14.75753498,7.052237511,10.90994263,1.038753033,0
1531946441982360232,17.43091202,-0.529718637,31.81947136,14.75753498,6.900408268,11.10987759,0.935864151,0
1531946442016881316,17.43091202,-0.529718637,31.81947136,14.75753498,6.799293041,11.22861004,0.908199608,0
1531946442107096057,18.67999458,-0.378262818,36.99330139,14.63395405,6.485924721,11.55956841,0.897483766,0
1531946442144156393,18.67999458,-0.378262818,36.99330139,13.94214439,7.877501488,9.23961544,1.619514346,0
1531946442221624862,18.67999458,-0.378262818,36.99330139,13.94214439,7.833840847,9.39644146,1.62958777,0
1531946442236583320,18.67999458,-0.378262818,36.99330139,13.95702934,7.657242775,9.453882217,1.634877443,0
1531946442264526082,18.67999458,-0.378262818,36.99330139,13.95702934,7.627177715,9.557053566,1.622211099,0
1531946442394045040,18.67999458,-0.378262818,36.99330139,13.99996853,7.540794373,9.901420593,1.520067334,0
1531946442427795389,18.67999458,-0.378262818,36.99330139,14.163311,7.464194775,9.966653824,1.500428438,0
1531946442458926961,19.20462799,0.129150227,42.35224533,14.163311,7.314587593,10.15021992,1.42097652,0
1531946442510569672,19.20462799,0.129150227,42.35224533,14.163311,7.237074852,10.26549721,1.355878949,0
1531946442581769535,19.20462799,0.129150227,42.35224533,14.34779358,7.105494022,10.50992298,1.262487292,0
1531946442609411866,19.20462799,0.129150227,42.35224533,14.50566959,7.052237511,10.64304733,1.197218776,0
1531946442686476272,19.20462799,0.129150227,42.35224533,14.50566959,6.900408268,10.84579563,1.096205831,0
1531946442719867699,19.20462799,0.129150227,42.35224533,14.75753498,6.799293041,10.90994263,1.038753033,0
1531946442764367853,19.20462799,0.129150227,42.35224533,14.75753498,6.485924721,11.10987759,0.935864151,0
1531946442820310717,19.20462799,0.129150227,42.35224533,14.75753498,7.237074852,11.22861004,0.908199608,0
1531946442905962621,21.57422447,0.557289541,49.7003479,14.63395405,7.105494022,11.55956841,0.897483766,0